<?xml version="1.0" encoding="utf-8"?>
<?xml-stylesheet type="text/xsl" href="./Cancion.xsl"?>
<cancion xmlns:xsi="http://www.w3.org/2001/XMLSchema-instance" xsi:noNamespaceSchemaLocation="VinoTinto.xsd">
        <titulo>Vino Tinto</titulo>
        <autor>Estopa</autor>
        <letra>
            <estrofa>
                <tipo>normal</tipo>
                <verso>Hay pistolas</verso>
                <verso>Que descargadas se me disparan</verso>
                <verso>Todos los relojes me separan</verso>
                <verso>Y no me encuentro ya ni en la cama</verso>
                <verso>Amapolas</verso>
                <verso>Son los suspiros de tus escamas</verso>
                <verso>Que son los tiros que dan al alma</verso>
                <verso>Si quieres verme estoy en las ramas</verso>
            </estrofa>
            <estrofa>
                <tipo>estribillo</tipo>
                <verso>Fíjate un objetivo distinto,</verso>
                <verso>Que soy como un vino tinto</verso>
                <verso>Que si me tomas en frío, engaño</verso>
                <verso>Y con los años me hago más listo, cariño</verso>
                <verso>Tómame calentito a tu ritmo</verso>
                <verso>Que soy como un vino añejo</verso>
                <verso>Hace ya tiempo me ando buscando</verso>
                <verso>Y no me encuentro ni en el espejo</verso>
            </estrofa>
            <estrofa>
                <tipo>normal</tipo>
                <verso>Él quería cruzar los mares y olvidar a su sirena</verso>
                <verso>La verdad, no fue difícil cuando conoció a Mariela</verso>
                <verso>Que tenía los ojos verdes y un negocio entre las piernas</verso>
                <verso>Hay que ver que puntería, no te arrimas a una buena</verso>
            </estrofa>
            <estrofa>
                <tipo>normal</tipo>
                <verso>Porque hoy hay olas</verso>
                <verso>En este mar que tú ves en calma</verso>
                <verso>Tú eres el pez que muerde mi cola</verso>
                <verso>Yo soy un pájaro y tú las ramas</verso>
                <verso>Si estamos a solas</verso>
                <verso>Tartartartartartamudeo y no son trolas</verso>
                <verso>Yo nunca miento por la mañana</verso>
                <verso>Ándate al loro a última hora</verso>
            </estrofa>
            <estrofa>
                <tipo>normal</tipo>
                <verso>Yo no soy malo,</verso>
                <verso>Aunque me esconda entre la maleza</verso>
                <verso>A veces voy un poco del palo</verso>
                <verso>Tú eres mi puzzle, y yo soy un pieza</verso>
                <verso>Pero tu cuerpo es un escándalo</verso>
                <verso>Hay un demonio que siempre me dice pruébalo</verso>
                <verso>Y un angelito que me dice "quieto y reza"</verso>
                <verso>¿A quien le hago caso de los dos?</verso>
            </estrofa>
            <estrofa>
                <tipo>estribillo</tipo>
                <verso>Fíjate un objetivo distinto,</verso>
                <verso>Que soy como un vino tinto</verso>
                <verso>Que si me tomas en frío, engaño</verso>
                <verso>Y con los años me hago más listo, cariño</verso>
                <verso>Tómame calentito a tu ritmo</verso>
                <verso>Que soy como un vino añejo</verso>
                <verso>Hace ya tiempo me ando buscando</verso>
                <verso>Y no me encuentro ni en el espejo</verso>
             </estrofa>
        </letra>
    </cancion>
